{"cameraMode":{"drawMode":0,"name":"Shaded","section":"Shading Mode"},"sceneLighting":true,"audioPlay":false,"sceneViewState":{"m_AlwaysRefresh":false,"showFog":true,"showSkybox":true,"showFlares":true,"showImageEffects":true,"showParticleSystems":true,"showVisualEffectGraphs":true,"m_FxEnabled":true},"in2DMode":false,"pivot":{"x":-33.242305755615237,"y":2.7818896770477297,"z":-3.379703998565674},"rotation":{"x":-0.013479419983923436,"y":-0.05456138029694557,"z":0.0007439996115863323,"w":-0.9984421133995056},"size":5.578622341156006,"orthographic":false}