{"cameraMode":{"drawMode":0,"name":"Shaded","section":"Shading Mode"},"sceneLighting":true,"audioPlay":false,"sceneViewState":{"m_AlwaysRefresh":false,"showFog":true,"showSkybox":true,"showFlares":true,"showImageEffects":true,"showParticleSystems":true,"showVisualEffectGraphs":true,"m_FxEnabled":true},"in2DMode":false,"pivot":{"x":-25.46025848388672,"y":1.012864351272583,"z":10.168630599975586},"rotation":{"x":0.040488388389348987,"y":-0.00749314296990633,"z":0.0003061747702304274,"w":0.9991618990898132},"size":25.161823272705079,"orthographic":false}