{"cameraMode":{"drawMode":0,"name":"Shaded","section":"Shading Mode"},"sceneLighting":true,"audioPlay":false,"sceneViewState":{"m_AlwaysRefresh":false,"showFog":true,"showSkybox":true,"showFlares":true,"showImageEffects":true,"showParticleSystems":true,"showVisualEffectGraphs":true,"m_FxEnabled":true},"in2DMode":false,"pivot":{"x":5.395212173461914,"y":12.849176406860352,"z":-0.5036725997924805},"rotation":{"x":0.07473583519458771,"y":-0.07173535227775574,"z":0.005390163045376539,"w":0.9946077466011047},"size":15.246986389160157,"orthographic":false}