{"cameraMode":{"drawMode":0,"name":"Shaded","section":"Shading Mode"},"sceneLighting":true,"audioPlay":false,"sceneViewState":{"m_AlwaysRefresh":false,"showFog":true,"showSkybox":true,"showFlares":true,"showImageEffects":true,"showParticleSystems":true,"showVisualEffectGraphs":true,"m_FxEnabled":true},"in2DMode":false,"pivot":{"x":-33.65619659423828,"y":4.368780136108398,"z":121.52565002441406},"rotation":{"x":0.10100618004798889,"y":-0.06591282784938812,"z":0.006697108503431082,"w":0.9926957488059998},"size":95.21566009521485,"orthographic":false}